{
  "case_id": "mandrill_motion_L10_0.10",
  "image_name": "mandrill",
  "kernel_id": "motion_L10",
  "noise_sigma": 0.1,
  "fixed_params": {
    "wiener": 0.2,
    "richardson_lucy": 12,
    "tv_montalto": 0.04
  },
  "metrics": {
    "wiener": {
      "psnr": 18.2352518976657,
      "ssim": 0.383857063674382,
      "mae": 0.10135389864444733
    },
    "richardson_lucy": {
      "psnr": 16.25090387225914,
      "ssim": 0.2222701867703267,
      "mae": 0.1221916675567627
    },
    "tv_montalto": {
      "psnr": 22.667440338914258,
      "ssim": 0.44907624369202975,
      "mae": 0.05501195043325424
    }
  }
}