{
  "case_id": "peppers_motion_L10_0.10",
  "image_name": "peppers",
  "kernel_id": "motion_L10",
  "noise_sigma": 0.1,
  "fixed_params": {
    "wiener": 0.2,
    "richardson_lucy": 12,
    "tv_montalto": 0.04
  },
  "metrics": {
    "wiener": {
      "psnr": 18.54682178729365,
      "ssim": 0.41873136406076233,
      "mae": 0.09719394147396088
    },
    "richardson_lucy": {
      "psnr": 16.333565589950013,
      "ssim": 0.22678700280305955,
      "mae": 0.11963712424039841
    },
    "tv_montalto": {
      "psnr": 24.7313691117192,
      "ssim": 0.7162455084732524,
      "mae": 0.039299074560403824
    }
  }
}