{
  "case_id": "peppers_gaussian_sigma3_0.10",
  "image_name": "peppers",
  "kernel_id": "gaussian_sigma3",
  "noise_sigma": 0.1,
  "fixed_params": {
    "wiener": 0.2,
    "richardson_lucy": 12,
    "tv_montalto": 0.04
  },
  "metrics": {
    "wiener": {
      "psnr": 18.948473334116375,
      "ssim": 0.6485604931944907,
      "mae": 0.09492702782154083
    },
    "richardson_lucy": {
      "psnr": 18.358096501144026,
      "ssim": 0.27248655256170035,
      "mae": 0.09490466117858887
    },
    "tv_montalto": {
      "psnr": 23.752981015654026,
      "ssim": 0.717401493830597,
      "mae": 0.04134334623813629
    }
  }
}